Project,Mail
LA PROMENADE BAYWALK,manishau@axisspaces.com
PLUS ART,manishau@axisspaces.com
HILL VIEW,hdg717@gmail.com
AANGAN,sandeep@rjrealtors.in
NM HEIGHTS,mitkar_construction@yahoo.co.in
GAURAV SOCIETY,"dhirajkanaramandco@gmail.com, apurvashah72ak@gmail.com"
QUALITY ANNEX,qualityannex18@gmail.com
KALPVRUKSH,"dhirajkanaramandco@gmail.com, apurvashah72ak@gmail.com"
RENAISSANCE ROYAL - PHASE-1,"shreesharadainfrastructures77@gmail.com, ssiourvision@gmail.com"
MUKTA GHARONDA,muktagharonda@gmail.com
SILVER SPRINGS BUILDING -2,"chetan_sheth@rediffmail.com, arss.silversprings@gmail.com"
SUMER PRIME,customercare@sumergroup.co.in
SUMER LIFE,customercare@sumergroup.co.in
SUMER TRINITY VERTICALS PHASE -1,customercare@sumergroup.co.in
SUMER LIFE CASA,customercare@sumergroup.co.in
SUMER ARMONIA,customercare@sumergroup.co.in
THE NEW GREEN CHAMBERS,"juned1000@yahoo.co.in, eliteconstructionco654@yahoo.com"
AURA LUXISCA,"vbaventures@gmail.com, nirajrsharma@gmail.com"
LANDMARK HERITAGE,arvindvishwakarma007@gmail.com
VINAY VIVANTA,"kmriinnti@gmail.com, vinayrealtor@gmail.com"
IVY MARVEL,"accounts@ivyrealtors.com, accounts@neumec.com, kjs@neumec.com"
EIFFEL TOWER,"kjs@neumec.com, accounts@neumec.com"
NEUMEC AURA,"kjs@neumec.com, accounts@neumec.com"
NEUMEC SRUSHTI,"kjs@neumec.com, accounts@neumec.com"
NEUMEC GODAWARI,"kjs@neumec.com, accounts@neumec.com"
NEUMEC NIWARA,"kjs@neumec.com, accounts@neumec.com"
NEUMEC VINAYAK,"kjs@neumec.com, accounts@neumec.com"
NEW NATIONAL MARKET ANNEXE,"kjs@neumec.com, accounts@neumec.com"
SHAHID NAGAR,"kjs@neumec.com, accounts@neumec.com"
BHUVNESHWAR VINTAGE,"mr.jain1430@gmail.com, ruchidubey110@gmail.com"
ARIHANT HEIGHTS,"mr.jain1430@gmail.com, ruchidubey110@gmail.com"
VIGHNESHWAR CHS LTD,"vighneshwar.society@yahoo.com, ajithathwal@gmail.com, parwaizanwar1973@gmail.com"
MARINA,keyhomesrealtors@hotmail.com
ANANT RESIDENCY,"jitesh@anantbuilders.com, accounts@anantbuilders.com
"
DADAMAHARAJ HEIGHTS,shreevastudeep@gmail.com
CITYOPIA WING - E,bhosalepatekargroup99@gmail.com
ADEN COURT,"hdawre@guptahousing.in,krutika@indiasteel.in, nmatkar@iswl.in, siddharth@guptahousing.in"
MANISHA CORPORATE PARK,info@manishadevelopers.com
JEWEL OF PANVEL -PHASE -I,mitkar_construction@yahoo.co.in
CITYOPIA BANKERS ENCLAVE,bhosalepatekargroup99@gmail.com
GEETANJALI BEAUTY TOWER CHSL,"sourabh.purohit@jmminfra.com, sonalishedge2@gmail.com, ganesh.mahakal@jmminfra.com, cadeepika.chamola@jmminfra.com, shridhar.bane@jmminfra.com"
PARIVARAMM -PHASE -I,"info@vijayproperties.in, balamalpani@yahoo.com, "
PARIVARAMM -PHASE -II,"info@vijayproperties.in, balamalpani@yahoo.com, "
UNITED EMPORIO,"smbpropertiesllp@gmail.com, smbpropertiesfinance@gmail.com, uraviiyer@gmail.com, amitkalra551@gmail.com"
COMPOSITE BUILDING NO -2,"kjs@neumec.com, accounts@neumec.com"
SHANKHESHWAR HEIGHTS,"mr.jain1430@gmail.com, ruchidubey110@gmail.com"
PEARL 2,pearl2chsl@gmail.com
EON ONE,manish.bafna@eongroup.co.in
RIVERWOOD PARK BUILDING NO -3,"siddharthgroups@gmail.com, manish.bafna@eongroup.co.in"
GURUPRASAD DIVINE RESIDENCY,"bhavesh.kkj@gmail.com, admin@aristocrat.live, kunal.jethva@aristocrat.live, laukik.dixit@aristocrat.live, accounts@aristocrat.live"
WESTSIDE,keyhomesrealtors@hotmail.com
PRATAP GRANDEUR,"accounts@jpvrealtors.com, sheetal@jpvrealtors.com, hansal@jpvrealtors.com"
PRATAP ROYALE,"accounts@jpvrealtors.com, sheetal@jpvrealtors.com, hansal@jpvrealtors.com"
PRATAP GAURAV,"accounts@jpvrealtors.com, sheetal@jpvrealtors.com, hansal@jpvrealtors.com"
MAHAVIR MAJESTY,info@mahavirbuilders.net
ARIHANT RESIDENCY,dreamarihantgroup@gmail.com
PRATAP ELEGANCE,"accounts@jpvrealtors.com, sheetal@jpvrealtors.com, hansal@jpvrealtors.com"
PRATAP OASIS,"accounts@jpvrealtors.com, sheetal@jpvrealtors.com, hansal@jpvrealtors.com"
PRATAP PALACE,"accounts@jpvrealtors.com, sheetal@jpvrealtors.com, hansal@jpvrealtors.com"
SUSHMA PARK,roshansheth2110@gmail.com
GHODAWAT SKYSTAR LLP,krishna.m@ghodawat.com
RATAN ADDRESS,"rathodkb@hotmail.com,rathodrealty@rediffmail.com"
OMKAAR PRIDE,vardhmandevelopers2019@gmail.com
AKSHAR AMAR MANSION,"pritij.akshar@gmail.com, info@akshardevelopers.com"
VERSATILE VALLEY,"pankaj@versatilehousing.com,amt@versatilehousing.com"
VERSATILE VALLEY J WING,"pankaj@versatilehousing.com,amt@versatilehousing.com"
OMKAR HEIGHTS,"pankaj@versatilehousing.com,amt@versatilehousing.com"
THE PRIMORDIAL HOUSE,"accounts@sambhavgroup.co.in, legal@sambhavgroup.co.in, info@sambhavgroup.co.in
"
THE PRIMORDIAL HOUSE ANNEX,"accounts@sambhavgroup.co.in, legal@sambhavgroup.co.in, info@sambhavgroup.co.in
"
EDEN,"accounts@sambhavgroup.co.in, legal@sambhavgroup.co.in, info@sambhavgroup.co.in
"
RIVERWOOD PARK BUILDING NO -1,"siddharthgroups@gmail.com, manish.bafna@eongroup.co.in"
78 EAST,advait.builders@gmail.com
PRATAP VISTA,"accounts@jpvrealtors.com, sheetal@jpvrealtors.com, "
AVANI SIGNATURE,avanibuildcon7@gmail.com
LAAMAN INDUSTRIAL PARK,laamangroup@gmail.com
MEHTA PREMIERE-RESIDENTIAL,"npmehta72@hotmail.com,amish.shah@theemerald.com"
SNEHABANDH,"siddhent@gmail.com,pyramidconstructionsmumbai@gmail.com, s.chemburkar@gmail.com"
SHREE OMKAR,"ssd1408@yahoo.in, adwayk@outlook.com"
RAMCHANDRA NIWAS,"ssd1408@yahoo.in, adwayk@outlook.com"
RIO HEIGHTS,rioinfratech111@gmail.com
ABHILASH PHASE - 2,"sanjonabuilders93@gmail.com,casanjeev0105@gmail.com, apurva@sanjonabuilders.com"
SIDDHI YOG,backoffice.siddhitech@gmail.com
SOUTTH BAY,"prashant.b@savlagroup.in, accounts1@thevibrantgroupindia.com"
CHAITYA 777,chaityadevelopers2003@gmail.com
AVENUE 15,"rbscosewree@gmail.com, rahulrchheda@gmail.com"
GREEN ACRES,"rameshcpatel1959@gmail.com, baacha_hayat@yahoo.com"
ACONS PRIVE,devendrakawale43@yahoo.in
MUNOT VASTU EXOTICA PHASE 1,vastuinfraastructure@gmail.com
MUNOT VASTU EXOTICA PHASE 2,vastuinfraastructure@gmail.com
MANASI SMRUTI,"priteejoshi@orionmallpanvel.com, mpbuilder9@yahoo.com, mananparulekar@gmail.com, balamalpani@yahoo.com"
M P HEIGHTS,"balamalpani@yahoo.com, mananparulekar@orionmallpanvel.com, mpbuilder9@yahoo.com, accounts@orionmallpanvel.com"
VINDHYAGIRI,"legal@giospaces.com,info@giospaces.com"
BALAJI PRIDE,"mr.jain1430@gmail.com, dreamarihantgroup@gmail.com, ruchidubey110@gmail.com"
SHREE VIGHNESHWAR,dinesh_chaskar@yahoo.com
PLUTONIUM BUSINESS PARK,plutoniumbs@gmail.com
KRISHNA VALLEY PHASE -3,"prishtigroup@gmail.com, info@prishtygroup.com"
THE CAMELIA PHASE -1,accounts@akankshabuilders.com
KHANDESHWAR RAILWAY STATION,aee4.tp1@cidcoindia.com
MANSAROVAR,aee4.tp1@cidcoindia.com
PRIME PEARL,primeabhishekbuildcon@gmail.com
PRIME RUBY,primeabhishekbuildcon@gmail.com
RACHANA LAKSHMI,abhijeet.sawlekar@gmail.com
OMKAAR SOLITAIRE,shiddhivinayakdevelopers48@gmail.com
TURNING POINT,"mail@milangroup.net, nikhil_samani@yahoo.co.in"
FBKA JEWELS,"fbkadevelopers@gmail.com, ali5253422@gmail.com, accounts@bavtawalasteels.com"
ODC 1,"odc1@skibc.in, ho.srvsuraj@yahoo.com, veerangk@gmail.com"
SAI VIHAR,vasantellora@gmail.com
THE LANDMARK,patelbuildersanddevelopers@gmail.com
TSAAYA,"accounts@sambhavgroup.co.in, legal@sambhavgroup.co.in, info@sambhavgroup.co.in
"
KRISHNA MILAN HEIGHTS,"accounts@milangroup.net, mail@milangroup.net"
ATMIYA CENTRIA,"mayank.sahai@atmiyaproperties.com, swapnali.atmiyaproperties@gmail.com, legal@atmiyaproperties.com"
SHRI VIRESHWAR MAHAL,shrinathjibuildcon9@gmail.com
SCORPIO,"meenakshi@jasani.co, uday@jasani.co, "
APOLLO HEIGHTS,"meenakshi@jasani.co, uday@jasani.co, "
CORNERSTONE,"kjs@neumec.com, accounts@neumec.com"
RIVERSIDE,shristhi.developers@gmail.com
CASA TERRAZA WING D PHASE -III,sandeep@rjrealtors.in
BALAJI AVVANTE,"visheshgreenscape@gmail.com, ca.sudhirkedia@gmail.com"
TIARA,"sagar.sarvam@gmail.com, tejas.d.jain@gmail.com, mehtanishit10@gmail.com"
SKYE 31,"accounts@tmglgroup.com, vanita.p@tmglgroup.com, neel.o@tmglgroup.com, priya.j@tmglgroup.com"
BOMBAY XI,"accounts@tmglgroup.com, vanita.p@tmglgroup.com, neel.o@tmglgroup.com, priya.j@tmglgroup.com"
AMALTAS RESIDENCY,"accounts@tmglgroup.com, vanita.p@tmglgroup.com, neel.o@tmglgroup.com, priya.j@tmglgroup.com"
EDEN II,"accounts@sambhavgroup.co.in, legal@sambhavgroup.co.in, info@sambhavgroup.co.in
"
ANANTAA CITY CENTER,suvarnalifespace@gmail.com
SHELTON ELITE,sheltonventure@gmail.com
SUMER AARAMBH,customercare@sumergroup.co.in
SKY IMPERIA,ho.skylinestar@yahoo.com
MERAKI PHASE - 1,greenland.sandesh@gmail.com
PRATAP CRESS,"accounts@jpvrealtors.com, sheetal@jpvrealtors.com, "
AROMA,"sagar.sarvam@gmail.com, tejas.d.jain@gmail.com, mehtanishit10@gmail.com"
VEDA,"sagar.sarvam@gmail.com, tejas.d.jain@gmail.com, mehtanishit10@gmail.com"
DURGA APARTMENT,niwasenterprises@rediffmail.com
SHANTI HEIGHTS APARTMENT,shaashwat108@gmail.com
OCEAN HEIGHTS,"hsconstruction394@gmail.com, fuzail@oceangate.in"
DIGNITY BAYVIEW,dignityrealty@gmail.com
TATVA SHILA,happyhomegroupmulund@gmail.com
SHWESH CHAMPARAN,shweshrealty@gmail.com
MAYURESH BAYVIEW,"sugandhagadodia@gmail.com, vishal@mayuresh.in, sugandha@mayuresh.in"
SIMNA HEIGHTS/SHANTICHNDRA HEIGHTS,assimnacon@gmail.com
JUBILATION A WING,akankshabuilders1@gmail.com
MUNOT VASTU EXOTICA COMMERCIAL,vastuinfraastructure@gmail.com
"RADHEY GALAXY PHASE - III
","radheyproperties@yahoo.com, ca.luckedia91@gmail.com, rajpratham110802.rb@gmail.com"
SAKALESHWAR CHS LTD.,splusassociate@gmail.com
CHAITRABAN,"pinnaclebuilders21@gmail.com, balamalpani@yahoo.com"
PRATAP ADINATH,accounts@jpvrealtors.com
POWER HEIGHTS AND POWER RESIDENCES,"ajay.rode@sapragroup.com, nishit.sapra@gmail.com, vivek.kamble@jewelgroup.in, jitendra.prajapati@sapragroup.com, gauri.patel@sapragroup.com"
MINAKSHI HEIGHTS,minakshienterprises@gmail.com
AUM RESIDENCY,"shivlaxmidevelopersllp@gmail.com, vedpatel.20@gmail.com, pmukani@gmail.com"
SUNDER DARSHAN,"dineshsonawane100580@gmail.com, lkk@laxmikantkabra.com"
VEDVATI,ho.skylinehomes@yahoo.com
"JAI GANESH VISHNU BLISS
",mewani.ash@gmail.com
SUHASINI CHS (PLOT NO- 55),niwasenterprises@rediffmail.com
MANISHA PRIME,info@manishadevelopers.com
DHANRAJ TOWER,info@manishadevelopers.com
CHANDRAPRABHA,info@manishadevelopers.com
VIJAY CAPITAL,mvijayknagar@gmail.com
MERAKI PHASE - 2,"pratiklkharpuriya@gmail.com, greenland.sandesh@gmail.com"
PRIME OPAL,primeabhishekbuildcon@gmail.com
MILAN BLISS,"mail@milangroup.net, nikhil_samani@yahoo.co.in, accounts@milangroup.net"
JAYESH CALLISTO,info@jayeshinfra.com
JYOTI BREEZE,jyotibuild01@gmail.com
BUILDING 136 (BLISS),"advaitbuilders@gmail.com, advaitbuilders@gmail.com"
ETERNAL,"advaitbuilders@gmail.com, advaitbuilders@gmail.com"
AADITYA LAKSHMI NARAYAN,constructionsaaditya@gmail.com
VASTU MORYA,vastushilp7779@gmail.com
AADINATH HEIGHTS,suranaambiances@gmail.com
SHRADDHA POLARIS,sarthaksbarge@gmail.com
ARAMBH,janani.construction2020@gmail.com
DREAM CITY,2022dreaminfra@gmail.com
LAKE VIEW COOPERATIVE HOUSING LTD.,"gpinfraoffice@gmail.com, ashitgarud@gmail.com"
CHAITANYA PRABHAT,rmjoshi1971@gmail.com
SHRADDHA PLEASANT,sarthaksbarge@gmail.com
HORIZON HEIGHTS,i.r.d.llp@gmail.com
ANANDI APARTMENTS,"swapnilkadu.aiesec@gmail.com, kubde.prashant@rediffmail.com"
SHRADDHA PANACHE,sarthaksbarge@gmail.com
TARABAUG,"jain.i.nitin@gmail.com, darshan_developer@yahoo.com"
SHRADDHA PEARL,sarthaksbarge@gmail.com
ARHAM IMPERIA,mail@jgalagroup.com
SHRADDHA PENINSULA,sarthaksbarge@gmail.com
ROYAL ELITE,royaldevelopers1117@gmail.com
SHRADDHA PRIVA,sarthaksbarge@gmail.com
SHRADDHA PRIME,sarthaksbarge@gmail.com
SHRADDHA PRESTIGE,sarthaksbarge@gmail.com
CREEK EDGE,patilakash7644@gmail.com
SHRADDHA PINNACLE,sarthaksbarge@gmail.com
AVION,suranaambiances@gmail.com
SHRADDHA PARAMOUNT,sarthaksbarge@gmail.com
SHRADDHA PASSION,sarthaksbarge@gmail.com
SHRADDHA CLASSIC,sarthaksbarge@gmail.com
SHRADDHA VARDAAN,sarthaksbarge@gmail.com
SHRADDHA PRIDE,sarthaksbarge@gmail.com
SOHAM VILLA,"Helpdesk@hsgroup.net.in,accounts@hsgroup.net.in"
NIPUN GALAXY,sarthaksbarge@gmail.com
KRISHNA VALLEY - PHASE-4,info@prishtygroup.com
GANGA CHS LTD,i.r.d.llp@gmail.com
SHRADDHA PROMINENT,sarthaksbarge@gmail.com
AADITYA OM SAI PRASAD,constructionsaaditya@gmail.com
SHREE AADITYA AKSHAY,constructionsaaditya@gmail.com
SHIVMANGAL RESIDENCY,sarthaksbarge@gmail.com
SHRADDHA PRESIDENCY,sarthaksbarge@gmail.com
SHRADDHA GOLD CREST,sarthaksbarge@gmail.com
SHREERAM SHIVALAY WEST,shreeramgroup2000@gmail.com
SATYAM SHIVAM SUNDHRAM,sourabh.purohit@jmminfra.com
SHRADDHA WEST RESIDENCY,sarthaksbarge@gmail.com
ODYSSEUS,sagar.sarvam@gmail.com
HARMONY,vardhman.c@gmail.com
SHREERAM SHIVALAY EAST,shreeramgroup2000@gmail.com
SHREERAM EUPHORIA,shreeramgroup2000@gmail.com
GAMI VED,shrigamiconstruction@gmail.com
NANDADEEP CO OPERATIVE HOUSING SOCIETY,niwasenterprises@rediffmail.com
SADGURU NAKSHTRA PHASE III,sadguru.titwala@gmail.com
SWATI APARTMENT,niwasenterprises@rediffmail.com
HARI VITHAL APARTMENTS,niwasenterprises@rediffmail.com
SAI PARK,parkarandassociates26@gmail.com
DIVINE GARDEN PHASE I,rgroup27@gmail.com
DIVINE GARDEN PHASE II,rgroup27@gmail.com
SHREE SIDDHIVINAYAK RESIDENCY,yogesh.madhavi@gmail.com
WATERFRONT,navalakha.assist@gmail.com
SAI SIDDHI PURUSHOTTAM,manoharmhatre1974@gmail.com
AMARA BUSINESS PARK,amaracrestllp@gmail.com
SUN STONE,ac.stonebuilders23@gmail.com
ONE WAGLE,sagarnirman.spaces@gmail.com
FORTUNE BUSINESS HUB,teampskadam@gmail.com
TERRACES FORJETT HILL,"accounts@sambhavgroup.co.in, legal@sambhavgroup.co.in, info@sambhavgroup.co.in
"
KRUSHNA RIVERSIDE,krushnariverside05@gmail.com
CHAITANYA PRALHAD,rmjoshi1971@gmail.com
RIDDHI SIDDHI APARTMENT,rmjoshi1971@gmail.com
A.S ORNATE,juned.shaikh030822@gmail.com
AL - MAQAAM,eminentconstructions21@gmail.com
ARTHAYA,artharealty@gmail.com
PRATAP LEGACY,sheetal@jpvrealtors.com
POTE PALLACIO,pratikppote@gmail.com
SHRADDHA PRIVILEGE,sarthaksbarge@gmail.com
GOKUL HEIGHTS,saritaent01@gmail.com
MORYA PARK,"saianand.builders@gmail.com, caapps11@gmail.com"
GAJANAN SAMRUDDHI PHASE II C WING,developersgajanan@gmail.com
AKSHAR EVITA,"pritij.akshar@gmail.com, info@akshardevelopers.com"
ONYX BIZMARK 52,amol.mande@onyxgroup.in
SHRADDHA EVOQUE,sarthaksbarge@gmail.com
RANJANA HEIGHTS,sarthaksbarge@gmail.com
ONE AKSHAR,"pritij.akshar@gmail.com, info@akshardevelopers.com"
AKSHAR PANCHRATNA,"pritij.akshar@gmail.com, info@akshardevelopers.com"
SHELTON CREST,sheltonventure@gmail.com
"AKSHAR ELITA
","pritij.akshar@gmail.com, info@akshardevelopers.com"
PRATAP LIBERTY ONE,sheetal@jpvrealtors.com
SHRADDHA PALACIOUS,sarthaksbarge@gmail.com
CITY PARK,Qualityinfra50@gmail.com
SHRADDHA PALLADIUM,sarthaksbarge@gmail.com
REDEVELOPMENT NUPUR,accounts@aristocrat.live
ANANTRAJ COOPERATIVE HOUSING SOCIETY LIMITED,jadhavsagar.aristocratgroup@gmail.com
JAI SAVITRI CHS LTD,accounts@aristocrat.live
ALANKAR,accounts@aristocrat.live
INFRAGATE PALACE,anuja@infragate.com
ANTAL ASPIRE,senjeet5@gmail.com
BAYVIEW PHASE II,"rathodvineet09@gmail.com, kapilconstructions10@gmail.com, navdeep.sharma87@gmail.com"
ROYAL AANGAN - B WING,msayed9471@gmail.com
GAMI TIARA,shrigamiconstruction@gmail.com
SAI PALACIA,earthinfrastructure2022@gmail.com
APEX PARADISE,accounts@venkatesharealty.com
SHIV AURA,mukeshpatel344@gmail.com
POTE SOLITAIRE,pratikppote@gmail.com
SHREEJI TODAY ROYAL,shreejigroup02@gmail.com
ZENISHA AURA,mukeshpatel344@gmail.com
ZENISHA LUXURIA,mukeshpatel344@gmail.com
ZENISHA CORNER,mukeshpatel344@gmail.com
VITTHAL DHAM,mukeshpatel344@gmail.com
SAI DHAM,mukeshpatel344@gmail.com
SAI DARSHAN,mukeshpatel344@gmail.com
AARSH BHANUDAS,mukeshpatel344@gmail.com
OM NIRMAN,gajora.88@gmail.com
AKSHAR EVANNA,"pritij.akshar@gmail.com, info@akshardevelopers.com"
MOUNTAIN CITY BUILDING NO.1,empireresidency2021@gmail.com
KRISHNAI VILLA ROW HOSUINGS,teampskadam@gmail.com
PURNIMA,avshivpuri@gmail.com
ROYAL HOME,royalgroup1117@gmail.com
DJ AMORE2,djhomes0910@gmail.com
DJ NEST,djhomes0910@gmail.com
AUDUMBAR PARVATI,wankhedekishor08@gmail.com
AVAS LIVING,"accounts@avaswellness.com,yash.jain@avaswellness.com"
AZARA RESIDENCES,"info@redstonegroup.in, accounts@redstonegroup.in"
KNIGHTS RESIDENCY,knightsmount1@gmail.com
SHUBHAM EKADANTA,shubhamekadanta@gmail.com
SURYA KIRTI HEIGHTS AND TOWER,rajshah879@gmail.com
DDSR HEIGHTS,"ddsrbuilders1@gmail.com, ddsrgroup1@gmail.com"
VENKATESHA HEIGHTS,venkatesharealty@gmail.com
KSA SQUARE,ksarealty@gmail.com
DARPAN NIKETAN COOPERATIVE SOCIETY,hamdulerameez@gmail.com
SPARKLE,"bimal@aceig.in, info@aceig.in, accounts@aceig.in"
RIDDHI SIDDHI PHASE III,rs444505@hotmail.com
VERTICAL ALCINIA PHASE III,amol.mande@onyxgroup.in
SHREYANS RESIDENCY,"darwin21@rediffmail.com, J.pradeep2626@gmail.com"
HERAMBA RESIDENCY,bsah5677@gmail.com
RUTURAJ AATMSHREE,ruturajempire@gmail.com
BHOSALE BLUEBELL,bhosalepatekargroup99@gmail.com
MATRUSMRUTI,"info@giospaces.com, legal@giospaces.com"
VENKATESHA GRACE,jeet.primelandmarks@gmail.com
GURUMAULI RESIDENCY,"shreekrupa106@gmail.com, omhatre17@gmail.com"
REKHAZ,riteshseth2590@yahoo.in
JALARAM ECO HOMES PHASE I,aupadhyay0108@gmail.com
THE 1925,accounts@sambhavgroup.co.in
KAVYA HILLS,mukeshpatel344@gmail.com
PYUNORA HEIGHTS,chetan.patel1507@gmail.com
VALORA TOWERS-B,amol.mande@onyxgroup.in
ASHOKA GRANDEUR,milindayadav@gmail.com
VAYUPUTRA TRIDENT,vayuputtraa@gmail.com
MANGALMURTI PRIDE,patilakash7644@gmail.com
EMPIRE CITY BUILDING NO. 1,empiredevelopers2022@gmail.com
PALM CITY,ashtavinayakempire2018@gmail.com
JAMTHA GALAXY,ashtavinayakempire2018@gmail.com
RUPAREL HOUSE,"tarannum.merchant@jsw.in,  jitendra.sukhani@jsw.in,  sujata.ardalkar@jsw.in, harsh.kewalramani@jsw.in"
LAXMI NIWAS,mukeshpatel344@gmail.com
CHANDRAKANT RESIDENCY,shreemangalmurtidevelopers@gmail.com
DOWN TOWN AVENUE,tpvventures01@gmail.com
AMRUT VISHVA,mukeshpatel344@gmail.com
ANAND KIRTI TOWER,rajshah879@gmail.com
HS PRIVITUDE,"crm@hsgrouppune.com, mehfuz@hsgrouppune.com"
ONYX BUSINESS 57 KHARADI,amol.mande@onyxgroup.in
ONYX HOMES 52 KONDHWA PHASE - I,amol.mande@onyxgroup.in
BHOSALE HONESTY,bhosalepatekargroup99@gmail.com
PUSHPAMEDH,niwasenterprises@rediffmail.com
SIDDHESH - YASHODA,siddheshyashoda23@gmail.com
GAMI ERICA,shrigamiconstruction@gmail.com
SAGAR VIHAR,suranaambiances@gmail.com
MERIDIAN TOWERS,teampskadam@gmail.com
X LINE SHRADDHA APARTMENT,vaisharad@gmail.com
PRIME VISTA,"mayank.sahai@atmiyaproperties.com, accounts@bilakhia.com"
UNIQUE SHINE,"reliableindiacorp@gmail.com, hratha@hotmail.com"
UNIQUE ENCLAVE RESIDENCY,"reliableindiacorp@gmail.com, hratha@hotmail.com"
MUNOT VASTU EXOTICA,"rajmunot3094@gmail.com,"
DDSR SATVIC,"ddsrbuilders1@gmail.com, ddsrgroup1@gmail.com"
SWAPNPOORTI,"ddsrbuilders1@gmail.com, ddsrgroup1@gmail.com"
MAITRI CO-OP HSG SOCIETY LIMITED,"ddsrbuilders1@gmail.com, ddsrgroup1@gmail.com"
TATHAGAT CHS LTD,"ddsrbuilders1@gmail.com, ddsrgroup1@gmail.com"
UNIQUE PRESTIGE,"reliableindiacorp@gmail.com, hratha@hotmail.com"
SILICON HERITAGE,shilpriyabuildersmumbai@gmail.com
ANANT SERENE PARK,mail@anantbuilders.com
GODAVARI,dilnawazkhan7@gmail.com
VIVAN HEIGHTS,"accounts@vivangroup.in, vimal.jain@vivangroup.in"
SKY HEIGHTS TOWER NO. 3,viraniconstructioncompany@gmail.com
PARVATI PRIME,rdassociate72@gmail.com
VALLABH HEIGHTS,agarkarshubham5@gmail.com
SAICHAITANYA,bhosalepatekargroup99@gmail.com
SKY HEIGHTS TOWER NO. 4,viraniconstructioncompany@gmail.com
SAI SANKALP,info@sankalpgroup.biz
PLAN M,"jyotsna.more@planmvgr.com, tapasya.g@tescongreen.com, nitin.singrodia@tescongreen.com"
PLAN I,"jyotsna.more@planmvgr.com, tapasya.g@tescongreen.com, nitin.singrodia@tescongreen.com"
OM SADASHIV,omgroup123@gmail.com
JALARAM ECO HOMES PHASE II,aupadhyay0108@gmail.com
24 KARAT,Sunita.sharma@unimont.in
THE GRAND,pravin4900@yahoo.com
VIJAY ABODE,visconinfras@gmail.com
OM SHAKTI ENCLAVE,bhaveshdevda@gmail.com
OM GANESH COOP HOUSING SOCIETY LTD AND ASHO PALAV CO OP HOUSING SOCIETY LIMITED,accounts@estquireprojects.com
PINESHIRE,rrc0606@gmail.com
HS SPRING,"Helpdesk@hsgroup.net.in,accounts@hsgroup.net.in"
HS PEARL,"Helpdesk@hsgroup.net.in,accounts@hsgroup.net.in"
"BALARAM PARADISE
",patilnikesh.2011@gmail.com
THE AUTOGRAPH,"Helpdesk@hsgroup.net.in,accounts@hsgroup.net.in"
"THE URBANA M1
","icil1952@gmail.com, vishalmarupaka1@gmail.com"
"THE URBANA I1
","icil1952@gmail.com, vishalmarupaka1@gmail.com"
"PARVATI GARDEN
","rdassociate72@gmail.com, rdbuilders11@gmail.com"
"ASHIYANA APARTMENT CHSL LTD.
",saleem.pearlinfra@gmail.com
THE URBANA - N5A AND N5B,"icil1952@gmail.com, vishalmarupaka1@gmail.com"
THE URBANA -N1 AND N2,"icil1952@gmail.com, vishalmarupaka1@gmail.com"
SAI SQUARE,"sanjay@jalangroup.info, girish@jalangroup.info"
SAI EMRALD,"sanjay@jalangroup.info, girish@jalangroup.info"
SAMARPAN,"Helpdesk@hsgroup.net.in,accounts@hsgroup.net.in"
"BRAJESH SAPPHIRE
",lifegood.cbd@gmail.com
AKSHAR ALTORIOS 2.O,"pritij.akshar@gmail.com, info@akshardevelopers.com"
"MERUSHIKHAR
",kunal.jethva@savvygroup.in
VRUNDAVAN I,"dwarka.acc@gmail.com, salesvastu@gmail.com"
SHIV EMPIRE,mukeshpatel344@gmail.com
LANDMARC DAPOLI,chhajedanuj@yahoo.com
SILICON HOFE B WING,shilpriyabuildersmumbai@gmail.com
LANDMARC DAPOLI,chhajedanuj@yahoo.com
SHRADDHA,neelkanthconstructions.group@gmail.com
SHREE GANESH KRUPA CO.OP. HSG. SOCIETY LTD,charatiminal@gmail.com
PRANILL SHREE GANESHA,pranillanil@gmail.com
SNEHSHREE,charatiminal@gmail.com
SAMARTH,charatiminal@gmail.com
SPLENDOUR,jainpratik0@gmail.com
ROYALE ROSE,asif.projectone@gmail.com
SHIVNATH SKYCITY,"uday3681@gmail.com, ar.binitshah@gmail.com"
MUMBAI AJINKYANS CO-OP HOUSING SOCIETY,"ddsrbuilders1@gmail.com, ddsrgroup1@gmail.com"
JANKI,charatiminal@gmail.com
AYATI ANGAN,ayatihomesvashi@gmail.com
LAGOM,"crm@hsgrouppune.com, mehfuz@hsgrouppune.com"
LAGOM HOMES,"crm@hsgrouppune.com, mehfuz@hsgrouppune.com"
CHAITANYA PARSHURAM COMPLEX,rmjoshi1971@gmail.com
INFRAGATE TAJ,anuja@infragate.com
PARVATI PRIDE,rdbuilders11@gmail.com
RATI OMKARA,ratiomkara@gmail.com
SAMRUDDHI HEIGHTS,greenworlddevelopers2021@gmail.com
ARIHANT NIWARA SKY,"mr.jain1430@gmail.com, ruchidubey110@gmail.com"
SHREE COMPLEX,atish215@gmail.com
EMPIRE HEIGHTS,shailesh.shelke.87@gmail.com
DIVINE HILL VIEW,divinebuilders0909@gmail.com
SAI CHANDRA PRIDE,malikiran79@gmail.com
GAMI SATYAM BUSINESS AVENUE,satyamventures77@gmail.com
SHRADDHA PARADISE,sarthaksbarge@gmail.com
SHRADDHA PALM,sarthaksbarge@gmail.com
REDEVELOPMENT BIPIN CO OPERATIVE HOUSING SOCIETY,"slkul20@gmail.com, maneamols@gmail.com"
UNIQUE RESIDENCY VIKARHARTA,"reliableindiacorp@gmail.com, hratha@hotmail.com"
ASTRAL RESIDENCY,"dhoterera@gmail.com, "
SHRADDHA PAVILLION,sarthaksbarge@gmail.com
SHRADDHA PANORAMA,sarthaksbarge@gmail.com
EV SHRADHA,"premkambleev@gmail.com, rajeesh.evgroup@gmail.com, haridasnarayanan.nair@gmail.com, prakashbansode.evhomes@gmail.com, ricksssll@gmail.com, vicky.evgroup.oman@gmail.com"
D. K. SKYVIEW,carajendra89@gmail.com
YOGESHWARI GARDEN,"shreeyogeshwaridevelopers@gmail.com, mankar.vilas2@gmail.com, mankar.janardan@gmail.com"
HARESHWAR PRIDE,"satyadeeprealtors777@gmail.com, akshay.shetty@jelvisandco.com, accts.svr777@gmail.com"
Shantibai Residency,ishwardeveloperspanvel@gmail.com
Arihant Sky,"mr.jain1430@gmail.com, dreamarihantgroup@gmail.com, ruchidubey110@gmail.com"
Arihant Sankalp,"mr.jain1430@gmail.com, dreamarihantgroup@gmail.com, ruchidubey110@gmail.com"
Kamdhenu 23-west Grande,kamdhenurealities@yahoo.com
Pote Emrald,pratikppote@gmail.com
Pratap Harmony,"accounts@jpvrealtors.com, sheetal@jpvrealtors.com, hansal@jpvrealtors.com"
Kamdhenu Grandeur,kamdhenurealities@yahoo.com
Hills Paradise,venkatesharealty@gmail.com
27 Pallazzo,"Siddharthchothani@gmail.com, Sheebanipc@hotmail.com"
Raghvendra Pride,raghvendraconstruction11@gmail.com
Ammu Co-Op Housing Society Ltd,stonecraftersindia@gmail.com
Patel Heritage,patelbuildersanddevelopers@gmail.com
AADHAR NAGARI - II,revatigroup@gmail.com
Delight Heritage,ac.lakshadeep152@gmail.com
NEO CITY PART 3,prashant.sharma@pristinedeveloper.com
Sandu Sanskar,"jagrutig@sandudevelopers.com,  anoopl@sandudevelopers.com, priyav@sandudevelopers.com, deepaks@sandudevelopers.com, supriyaa@tridhaatu.com, rajuk@sandudevelopers.com, sanjays@sandudevelopers.com, deepikav@sandudevelopers.com, legal@sandudevelopers.com, prajaktak@sandudevelopers.com"
PRISTINE CITY PLOTS,prashant.sharma@pristinedeveloper.com
SAAN SYMPHONY,"mail.saanprojects@gmail.com, saanprojects.rn@gmail.com"
JW Pride,sagarwaghmare5659@gmail.com
Shree Prasad,prashant1209g@gmail.com
Bhushan Anand CO OP HSG SOC,Jk@laxmikantkabra.com
PARTH LAKEFRONT,md@parthgroup.net
EV 9 Square,"premkambleev@gmail.com, rajeesh.evgroup@gmail.com, haridasnarayanan.nair@gmail.com, prakashbansode.evhomes@gmail.com, ricksssll@gmail.com, vicky.evgroup.oman@gmail.com"
Chaitanya Plaza,shreerenuka02016@gmail.com
Chaitanya Pride        ,shreerenuka02016@gmail.com
VARAD VINAYAK,varadvinayakdevelopers111@gmail.com
ESTQUIRE HARMONY,"jackson.vaz1981@gmail.com, accounts@estquireprojects.com"
SHIVJI KRUPA,bhavik@jessideas.com
SHANKAR ORCHID,bhavik@jessideas.com
YOGESHWARI GARDEN,shreeyogeshwaridevelopers@gmail.com
Estrella,siddhiggroup@gmail.com
Bhandup Siddhivinayak CHS Ltd,sarthaksbarge@gmail.com
Gold Residences,timeandjetrealty@gmail.com
Shreesandesh Heights,satyadeeprealtors777@gmail.com
Square Homes,squarehomes1@gmail.com
Silicon Pride,siliconlifespaces@gmail.com
Honey Homes Co-operative Housing Society,"ddsrbuilders1@gmail.com, ddsrgroup1@gmail.com"
Shivam Classic,shivamlifestyle2019@gmail.com
Sai Darshan,hiteshkhubchandani9@gmail.com
Sai Ashray,doorvaconstructions@gmail.com
Komal,prasadconstructions1911@gmail.com
DDSR ANUPARVA CO-OPERATIVE HOUSING SOCIETY LIMITED,"ddsrbuilders1@gmail.com, ddsrgroup1@gmail.com"
H S Landmark,anand@hsgroup.net.in
Horizon Tower,i.r.d.llp@gmail.com
Bhairavdhan Residency,rrdhanak@gmail.com
Savli CHS,"sourabh.purohit@jmminfra.com, sonalishedge2@gmail.com, ganesh.mahakal@jmminfra.com, cadeepika.chamola@jmminfra.com, shridhar.bane@jmminfra.com"
Shraddha Imperia,sarthaksbarge@gmail.com
Akshar Business Park- Phase III,"pritij.akshar@gmail.com, info@akshardevelopers.com"
Rodium- Xone,vaisharad@gmail.com
Ved Lucky,shreepkjd18@gmail.com
Sai Pearl,
Western Hill,irfan1542013@gmail.com
G S Crown Plazaa,gsgroupkesnand@gmail.com
Arundhati MGD CHS,arundhatimgdchs2021@gmail.com
TIRUPATI PURAM,shardulnalbilwar@gmail.com
SHOBHA NAGAR,ashishganvir1981@gmail.com
Harikrupa Heights,sachin_pandharpurkar@yahoo.co.in
Avighna,shindeandvichare@gmail.com
Lilac,Pankaj@versatilehousing.com
Balaji Residency,shelar.abhijeet007@gmail.com
VALORA TOWERS-A,amol.mande@onyxgroup.in
TULSI 54,tulsidaspatil777@gmail.com
Torna Heights,kenicitybuilders@gmail.com
BLUE HEAVEN,varadvinayakdevelopers111@gmail.com
Gami Bianca,shrigamiconstruction@gmail.com
Revanta,info@suranalandmarks.com
Venkatesha Dream Palace,"venkatesharealty@gmail.com, accounts@venkatesharealty.com"
Surana Grande,suranaambiances@gmail.com
Swarg,vrgroup@hotmail.com
